R-Effective County Model Time Series for Alameda,,,,,,,,,
COVID Assessment Tool - Downloaded on 2020-08-26,,,,,,,,,
Date,CovidActNow,covid19-projections.com,UCLA,LEMMA,JHU,Stanford,UCSF,Harvard,Ensemble
2020-01-31,0,0,0,0,2.5,0,0,0,0
2020-02-01,0,0,0,0,2.5,0,0,0,0
2020-02-02,0,0,0,0,2.5,0,0,0,2.5
2020-02-03,0,0,0,0,2.5,0,0,0,2.5
2020-02-04,0,0,0,0,2.5,0,0,0,2.5
2020-02-05,0,0,0,0,2.5,0,0,0,2.5
2020-02-06,0,0,0,0,2.5,0,0,0,2.5
2020-02-07,0,0,0,0,2.5,0,0,0,2.5
2020-02-08,0,0,0,0,2.5,0,0,0,2.5
2020-02-09,0,0,0,0,2.5,0,0,0,2.5
2020-02-10,0,0,0,0,2.5,0,0,0,2.5
2020-02-11,0,0,0,0,2.5,0,0,0,2.5
2020-02-12,0,0,0,0,2.5,0,0,0,2.5
2020-02-13,0,0,0,0,2.5,0,0,0,2.5
2020-02-14,0,0,0,0,2.5,0,0,0,2.5
2020-02-15,0,0,0,0,2.5,0,0,0,2.5
2020-02-16,0,0,0,0,2.5,0,0,0,2.5
2020-02-17,0,0,0,0,2.5,0,0,0,2.5
2020-02-18,0,0,0,0,2.5,0,0,0,2.5
2020-02-19,0,0,0,0,2.5,0,0,0,2.5
2020-02-20,0,0,0,0,2.5,0,0,0,2.5
2020-02-21,0,0,0,0,2.5,0,0,0,2.5
2020-02-22,0,0,0,0,2.5,0,0,0,2.5
2020-02-23,0,0,0,0,2.5,0,0,0,2.5
2020-02-24,0,0,0,0,2.5,0,0,0,2.5
2020-02-25,0,0,0,0,2.5,0,0,0,2.5
2020-02-26,0,0,0,0,2.5,0,0,0,2.5
2020-02-27,0,0,0,0,2.5,0,0,0,2.5
2020-02-28,0,1.27,0,0,2.5,0,0,0,2.3
2020-02-29,0,1.27,0,0,2.5,0,0,0,2.09
2020-03-01,0,1.27,0,0,2.5,0,0,0,1.89
2020-03-02,0,1.27,0,0,2.5,0,0,0,1.89
2020-03-03,0,1.27,0,0,2.5,0,0,0,1.89
2020-03-04,0,1.27,0,0,2.5,0,0,0,1.89
2020-03-05,0,1.27,0,0,2.5,0,0,0,1.89
2020-03-06,0,1.27,0,0,2.5,2.16,0,0,1.98
2020-03-07,0,1.27,0,0,2.5,2.16,0,0,2.07
2020-03-08,0,1.26,0,0,2.5,2.16,0,0,2.16
2020-03-09,0,1.26,0,0,2.5,2.15,1.07,0,2.01
2020-03-10,1.56,1.26,0,0,2.5,2.14,1.1,0,1.81
2020-03-11,1.56,1.26,0,0,2.5,2.12,0,0,1.7
2020-03-12,1.56,1.25,0,0,2.5,2.06,1.16,0,1.65
2020-03-13,1.56,1.24,0,0,1.94,1.96,0,0,1.71
2020-03-14,1.56,1.23,0,0,1.94,1.81,0,0,1.66
2020-03-15,1.56,1.22,0,1.2,1.94,1.62,1.26,0,1.61
2020-03-16,1.55,1.2,0,1.15,1.94,1.45,1.29,0,1.49
2020-03-17,1.55,1.18,0,1.1,1.94,1.31,1.32,0,1.37
2020-03-18,1.55,1.15,0,1.04,1.94,1.22,1.35,2.81,1.35
2020-03-19,1.54,1.12,0,1,1.94,1.15,1.37,2.27,1.35
2020-03-20,1.53,1.09,0,0.97,1.13,1.11,1.38,1.73,1.28
2020-03-21,1.52,1.05,0,0.95,1.13,1.09,1.39,2.01,1.21
2020-03-22,1.51,1.02,2.17,0.94,1.13,1.07,1.4,2.08,1.18
2020-03-23,1.49,0.98,2.15,0.94,1.13,1.06,1.4,1.51,1.22
2020-03-24,1.47,0.94,2.14,0.93,1.13,1.05,1.4,1.78,1.27
2020-03-25,1.45,0.91,2.13,0.93,1.13,1.05,1.39,1.3,1.25
2020-03-26,1.43,0.88,2.12,0.93,1.13,1.05,1.38,1.31,1.23
2020-03-27,1.41,0.86,2.1,0.93,1.13,1.04,1.38,1.25,1.21
2020-03-28,1.38,0.83,2.09,0.92,1.13,1.04,1.37,1.22,1.2
2020-03-29,1.36,0.82,2.07,0.92,1.13,1.04,1.35,1.44,1.2
2020-03-30,1.33,0.8,2.06,0.93,1.13,1.04,1.34,1.34,1.22
2020-03-31,1.31,0.79,2.04,0.93,1.13,1.04,1.33,1.65,1.23
2020-04-01,1.28,0.78,2.03,0.93,1.13,1.04,1.31,1.52,1.22
2020-04-02,1.26,0.78,2.01,0.93,1.13,1.04,1.29,1.44,1.21
2020-04-03,1.23,0.77,1.99,0.93,1.13,1.04,1.27,1.49,1.19
2020-04-04,1.21,0.77,1.97,0.93,1.13,1.04,0,1.19,1.17
2020-04-05,1.19,0.77,1.96,0.93,1.13,1.04,1.23,1.17,1.16
2020-04-06,1.17,0.77,1.94,0.93,1.13,1.04,1.21,1.28,1.14
2020-04-07,1.15,0.77,1.92,0.93,1.13,1.04,1.19,0.94,1.13
2020-04-08,1.13,0.76,1.9,0.93,1.13,1.04,1.18,1.02,1.11
2020-04-09,1.11,0.76,1.88,0.93,1.13,1.04,1.16,0.87,1.08
2020-04-10,1.09,0.77,1.86,0.93,1.13,1.04,1.14,1.02,1.08
2020-04-11,1.08,0.77,1.84,0.93,1.13,1.04,1.13,1.18,1.08
2020-04-12,1.07,0.77,1.82,0.94,1.13,1.04,1.12,1.02,1.07
2020-04-13,1.05,0.77,1.81,0.94,1.13,1.04,1.1,1.04,1.07
2020-04-14,1.04,0.77,1.79,0.94,1.13,1.04,1.09,1.08,1.05
2020-04-15,1.03,0.77,1.77,0.95,1.13,1.04,1.08,1.01,1.05
2020-04-16,1.02,0.77,1.75,0.96,1.13,1.04,1.07,1.17,1.05
2020-04-17,1.02,0.78,1.73,0.96,1.13,1.04,1.06,0.9,1.04
2020-04-18,1.01,0.78,1.72,0.97,1.13,1.04,1.05,1.13,1.04
2020-04-19,1,0.79,1.7,0.98,1.13,1.04,1.04,1.1,1.04
2020-04-20,1,0.79,1.68,0.98,1.13,1.04,1.03,1.02,1.04
2020-04-21,1,0.79,1.67,0.99,1.13,1.04,1.03,0.96,1.03
2020-04-22,0.99,0.8,1.65,0.99,1.13,1.04,0,0.97,1.01
2020-04-23,0.99,0.8,1.64,0.99,1.13,1.04,1.01,0.93,1
2020-04-24,0.99,0.8,1.62,0.99,1.13,1.05,1.01,1.06,1.01
2020-04-25,0.99,0.8,1.61,0.99,1.13,1.06,1.01,0.81,1.01
2020-04-26,0.99,0.8,1.6,0.99,1.13,1.08,1.01,0.77,1.01
2020-04-27,1,0.8,1.59,0.99,1.13,1.09,1.01,0.94,1
2020-04-28,1,0.8,1.57,1,1.13,1.1,1.01,1,1
2020-04-29,1,0.8,1.56,1.01,1.13,1.11,1.02,0.98,1.01
2020-04-30,1.01,0.8,1.55,1.01,1.13,1.12,1.02,0.98,1.01
2020-05-01,1.01,0.8,1.54,1.02,1.13,1.13,1.02,1.05,1.02
2020-05-02,1.02,0.8,1.53,1.03,1.13,1.13,1.03,1.11,1.04
2020-05-03,1.03,0.81,1.52,1.03,1.13,1.13,1.03,1.12,1.06
2020-05-04,1.03,0.81,1.51,1.04,1.13,1.13,1.04,1.07,1.07
2020-05-05,1.04,0.82,1.5,1.04,1.13,1.13,1.04,1.04,1.06
2020-05-06,1.05,0.82,1.49,1.04,1.13,1.13,1.05,1.07,1.05
2020-05-07,1.06,0.83,1.48,1.04,1.13,1.13,1.05,1.05,1.05
2020-05-08,1.06,0.84,1.47,1.04,1.13,1.13,1.06,1.01,1.06
2020-05-09,1.07,0.85,1.47,1.04,1.13,1.13,1.06,1.02,1.06
2020-05-10,1.08,0.86,1.46,1.04,1.13,1.13,1.07,1.3,1.08
2020-05-11,1.09,0.88,1.45,1.03,1.13,1.13,1.08,1.05,1.09
2020-05-12,1.09,0.89,1.44,1.02,1.13,1.13,1.09,1.02,1.09
2020-05-13,1.1,0.91,1.44,1.01,1.13,1.13,1.09,1.11,1.09
2020-05-14,1.11,0.93,1.43,0.98,1.13,1.13,1.1,1.19,1.1
2020-05-15,1.11,0.95,1.42,0.96,1.13,1.13,1.11,1.12,1.11
2020-05-16,1.12,0.98,1.42,0.93,1.13,1.13,1.11,1.07,1.12
2020-05-17,1.12,1,1.41,0.89,1.13,1.13,1.11,0.97,1.12
2020-05-18,1.12,1.02,1.4,0.87,1.09,1.13,1.12,1.12,1.12
2020-05-19,1.12,1.05,1.4,0.86,1.09,1.13,1.12,1.22,1.12
2020-05-20,1.12,1.07,1.39,0.85,1.09,1.13,1.12,1.07,1.11
2020-05-21,1.12,1.09,1.39,0.84,1.09,1.13,1.12,1.17,1.11
2020-05-22,1.12,1.11,1.38,0.84,1.09,1.12,1.11,1.2,1.11
2020-05-23,1.12,1.13,1.38,0.84,1.09,1.12,1.11,1.15,1.12
2020-05-24,1.11,1.15,1.37,0.85,1.09,1.12,1.1,1.11,1.12
2020-05-25,1.1,1.16,1.37,0.86,1.09,1.12,1.1,1.18,1.11
2020-05-26,1.09,1.17,1.37,0.88,1.09,1.12,1.09,1.18,1.11
2020-05-27,1.08,1.18,1.36,0.9,1.09,1.12,1.08,1.25,1.11
2020-05-28,1.07,1.19,1.36,0.93,1.09,1.12,1.07,1.06,1.1
2020-05-29,1.06,1.19,1.36,0.96,1.09,1.12,1.06,0.98,1.09
2020-05-30,1.05,1.2,1.35,0.99,1.09,1.12,1.05,1.08,1.08
2020-05-31,1.04,1.2,1.35,1.01,1.09,1.12,1.04,1.04,1.07
2020-06-01,1.03,1.2,1.35,1.04,1.09,1.12,1.03,1,1.07
2020-06-02,1.02,1.21,1.35,1.05,1.09,1.12,1.03,0.81,1.07
2020-06-03,1.01,1.21,1.34,1.06,1.09,1.12,1.02,0.96,1.07
2020-06-04,1.01,1.21,1.34,1.06,1.09,1.11,1.02,0.97,1.07
2020-06-05,1.01,1.21,1.34,1.07,1.09,1.11,1.02,1,1.08
2020-06-06,1,1.21,1.34,1.07,1.09,1.1,1.02,1.22,1.08
2020-06-07,1.01,1.21,1.34,1.08,1.09,1.1,1.02,1.01,1.09
2020-06-08,1.01,1.21,1.34,1.09,1.09,1.09,1.03,0.84,1.09
2020-06-09,1.02,1.21,1.34,1.11,1.09,1.09,1.03,1.08,1.09
2020-06-10,1.03,1.2,1.34,1.14,1.09,1.09,1.04,0.9,1.09
2020-06-11,1.04,1.2,1.34,1.17,1.09,1.09,1.05,1.05,1.09
2020-06-12,1.05,1.2,1.34,1.2,1.09,1.08,1.06,1.05,1.09
2020-06-13,1.07,1.19,1.34,1.24,1.09,1.08,0,0.85,1.09
2020-06-14,1.08,1.19,1.34,1.26,1.09,1.08,1.09,1,1.09
2020-06-15,1.1,1.18,1.34,1.28,1.09,1.08,1.1,1.47,1.11
2020-06-16,1.11,1.18,1.34,1.29,1.09,1.08,1.11,1.15,1.12
2020-06-17,1.13,1.17,1.34,1.3,1.09,1.08,1.13,1.15,1.14
2020-06-18,1.14,1.16,1.34,1.3,1.09,1.08,1.14,1.4,1.14
2020-06-19,1.15,1.15,1.34,1.3,1.21,1.08,1.15,1.23,1.16
2020-06-20,1.16,1.14,1.34,1.31,1.21,1.08,1.15,1.17,1.17
2020-06-21,1.17,1.13,1.34,1.31,1.21,1.07,0,1.2,1.18
2020-06-22,1.18,1.12,1.34,1.3,1.21,1.07,1.16,0.84,1.18
2020-06-23,1.18,1.11,1.34,1.3,1.21,1.07,1.17,1.13,1.18
2020-06-24,1.18,1.1,1.35,1.29,1.21,1.07,1.17,1.13,1.18
2020-06-25,1.18,1.09,1.35,1.27,1.21,1.07,1.17,1.01,1.18
2020-06-26,1.18,1.09,1.35,1.24,1.21,1.07,1.18,1.27,1.18
2020-06-27,1.18,1.08,1.35,1.22,1.21,1.07,1.18,1.38,1.19
2020-06-28,1.17,1.07,1.35,1.19,1.21,1.07,1.17,1.25,1.19
2020-06-29,1.17,1.06,1.35,1.17,1.21,1.07,1.17,1.29,1.18
2020-06-30,1.16,1.06,1.35,1.14,1.21,1.06,1.17,1.36,1.17
2020-07-01,1.15,1.05,1.35,1.13,1.21,1.06,1.16,1.17,1.16
2020-07-02,1.14,1.04,1.35,1.12,1.21,1.06,1.15,0.99,1.15
2020-07-03,1.14,1.04,1.35,1.11,1.21,1.06,1.15,1.13,1.14
2020-07-04,1.13,1.03,1.35,1.11,1.21,1.06,1.14,1.04,1.13
2020-07-05,1.12,1.03,1.35,1.11,1.21,1.06,1.14,1.02,1.12
2020-07-06,1.11,1.03,1.35,1.11,1.21,1.06,1.14,1.18,1.12
2020-07-07,1.1,1.02,1.35,1.11,1.21,1.06,1.13,0.86,1.11
2020-07-08,1.09,1.02,1.35,1.1,1.21,1.06,1.13,1.12,1.11
2020-07-09,1.09,1.01,1.35,1.09,1.21,1.05,1.12,1.38,1.11
2020-07-10,1.08,1.01,1.35,1.08,1.21,1.05,1.11,1.13,1.1
2020-07-11,1.07,1.01,1.35,1.06,1.21,1.05,1.11,1.08,1.09
2020-07-12,1.06,1.01,1.35,1.03,1.21,1.05,1.1,1.2,1.08
2020-07-13,1.06,1,1.34,1.01,1.21,1.05,1.09,1.17,1.08
2020-07-14,1.05,1,1.34,0.99,1.21,1.05,1.08,1.23,1.07
2020-07-15,1.04,1,1.34,0.98,1.23,1.05,1.07,1,1.06
2020-07-16,1.04,1,1.34,0.97,1.23,1.05,1.07,0.83,1.05
2020-07-17,1.03,1,1.34,0.96,1.23,1.04,1.06,0.94,1.04
2020-07-18,1.02,1,1.33,0.96,1.23,1.04,1.06,1.03,1.04
2020-07-19,1.02,0.99,1.33,0.95,1.23,1.04,1.05,1.12,1.04
2020-07-20,1.01,0.99,0,0.95,1.23,1.04,1.05,0.98,1.03
2020-07-21,1.01,0.99,0,0.95,1.23,1.04,1.05,0.88,1.02
2020-07-22,1.01,0.99,0,0.95,1.23,1.04,1.05,0.98,1.01
2020-07-23,1,0.99,0,0.95,1.23,1.04,1.05,1.04,1.02
2020-07-24,1.01,0.99,0,0.96,1.23,1.03,1.05,0.93,1.02
2020-07-25,1.01,0.99,0,0.96,1.23,1.03,1.06,1.05,1.02
2020-07-26,1.01,0.99,0,0.97,1.23,1.03,1.06,0.77,1.02
2020-07-27,1.02,0.99,0,0.98,1.23,1.03,1.07,1,1.02
2020-07-28,1.03,0.99,0,1,1.23,1.03,1.08,1.04,1.02
2020-07-29,1.04,0.99,0,1.01,1.23,1.03,1.09,0.94,1.02
2020-07-30,1.05,0.99,0,1.02,1.23,1.03,1.1,1.11,1.03
2020-07-31,1.06,0.99,0,1.03,1.23,1.02,1.12,1.17,1.04
2020-08-01,1.07,0.99,0,1.04,1.23,1.02,1.13,1.45,1.06
2020-08-02,1.09,0.99,0,1.05,1.23,1.02,1.15,1.32,1.07
2020-08-03,1.1,0.99,0,1.05,1.23,1.02,1.17,1.22,1.09
2020-08-04,1.11,0.99,0,1.05,1.23,1.02,1.18,1.14,1.1
2020-08-05,1.12,0.99,0,1.05,1.23,1.02,1.2,1.39,1.11
2020-08-06,1.12,0.99,0,1.05,1.23,1.02,1.21,1.06,1.09
2020-08-07,1.13,0.99,0,1.05,1.23,1.01,0,1.19,1.09
2020-08-08,1.12,0.99,0,1.05,1.23,1.01,1.22,0.98,1.07
2020-08-09,1.12,0.99,0,1.06,1.23,1.01,1.21,0.98,1.07
2020-08-10,1.11,0.99,0,1.06,1.23,1.01,1.21,0.8,1.06
2020-08-11,1.1,0.99,0,1.07,1.23,1.01,1.2,1.09,1.07
2020-08-12,1.09,0.99,0,1.08,1.23,1.01,1.18,0.92,1.08
2020-08-13,1.08,0.99,0,1.08,1.23,1,1.17,1.12,1.08
2020-08-14,1.06,0.99,0,1.09,1.23,1,1.16,1.05,1.07
2020-08-15,1.04,0.99,0,1.1,1.23,1,1.14,0.98,1.06
2020-08-16,1.02,0.99,0,1.1,1.23,1,1.12,1.15,1.07
2020-08-17,1.01,0.99,0,1.1,1.23,1,1.11,1.25,1.08
2020-08-18,0.99,0.99,0,1.11,1.23,1,1.09,0.98,1.07
2020-08-19,0.97,0.99,0,1.11,1.23,1,1.07,0.92,1.03
2020-08-20,0.95,0.99,0,1.11,1.23,0.99,1.06,0,1.01
2020-08-21,0.94,0.99,0,1.11,1.23,0.99,1.04,0,1.01
2020-08-22,0.92,0.99,0,1.11,1.23,0.99,1.03,0,1.02
2020-08-23,0.91,0.99,0,1.11,1.23,0.99,0,0,1.01
2020-08-24,0,0.99,0,1.11,1.23,0.99,0,0,1.02
Please see the Technical Notes tab of the application for data sources.,,,,,,,,,
Prepared by: California Department of Public Health - COVID Modeling Team,,,,,,,,,
